INSERT INTO TEAM(TEAM_ID, TEAM_NAME) VALUES (1, 'DD unicorns');
INSERT INTO TEAM(TEAM_ID, TEAM_NAME) VALUES (2, 'Ray reopard');
INSERT INTO TEAM(TEAM_ID, TEAM_NAME) VALUES (3, 'V tigers');
INSERT INTO TEAM(TEAM_ID, TEAM_NAME) VALUES (4, 'Gold dragons');
INSERT INTO TEAM(TEAM_ID, TEAM_NAME) VALUES (5, 'Isaac phinix');
INSERT INTO TEAM(TEAM_ID, TEAM_NAME) VALUES (6, 'Woody dinos');
INSERT INTO TEAM(TEAM_ID, TEAM_NAME) VALUES (7, 'Cooper rions');
INSERT INTO TEAM(TEAM_ID, TEAM_NAME) VALUES (8, 'Penguins Dumbbells');

INSERT INTO GAME(HOME_TEAM_ID, HOME_TEAM_SCORE, AWAY_TEAM_ID, AWAY_TEAM_SCORE, NOW_INNING_ID) VALUES (1, 0, 2, 0, 1);
INSERT INTO GAME(HOME_TEAM_ID, HOME_TEAM_SCORE, AWAY_TEAM_ID, AWAY_TEAM_SCORE, NOW_INNING_ID) VALUES (3, 0, 4, 0, 0);
INSERT INTO GAME(HOME_TEAM_ID, HOME_TEAM_SCORE, AWAY_TEAM_ID, AWAY_TEAM_SCORE, NOW_INNING_ID) VALUES (5, 0, 6, 0, 0);
INSERT INTO GAME(HOME_TEAM_ID, HOME_TEAM_SCORE, AWAY_TEAM_ID, AWAY_TEAM_SCORE, NOW_INNING_ID) VALUES (7, 0, 8, 0, 0);

INSERT INTO PLAYER(PLAYER_ID, TEAM_ID, PLAYER_NAME, IS_PITCHER) VALUES (1, 1, '디디선수1', true);
INSERT INTO PLAYER(PLAYER_ID, TEAM_ID, PLAYER_NAME, IS_PITCHER) VALUES (2, 1, '디디선수2', false);
INSERT INTO PLAYER(PLAYER_ID, TEAM_ID, PLAYER_NAME, IS_PITCHER) VALUES (3, 1, '디디선수3', false);
INSERT INTO PLAYER(PLAYER_ID, TEAM_ID, PLAYER_NAME, IS_PITCHER) VALUES (4, 1, '디디선수4', false);
INSERT INTO PLAYER(PLAYER_ID, TEAM_ID, PLAYER_NAME, IS_PITCHER) VALUES (5, 1, '디디선수5', false);
INSERT INTO PLAYER(PLAYER_ID, TEAM_ID, PLAYER_NAME, IS_PITCHER) VALUES (6, 1, '디디선수6', false);
INSERT INTO PLAYER(PLAYER_ID, TEAM_ID, PLAYER_NAME, IS_PITCHER) VALUES (7, 1, '디디선수7', false);
INSERT INTO PLAYER(PLAYER_ID, TEAM_ID, PLAYER_NAME, IS_PITCHER) VALUES (8, 1, '디디선수8', false);
INSERT INTO PLAYER(PLAYER_ID, TEAM_ID, PLAYER_NAME, IS_PITCHER) VALUES (9, 1, '디디선수9', false);

INSERT INTO PLAYER(PLAYER_ID, TEAM_ID, PLAYER_NAME, IS_PITCHER) VALUES (10, 2, '레이선수1', false);
INSERT INTO PLAYER(PLAYER_ID, TEAM_ID, PLAYER_NAME, IS_PITCHER) VALUES (11, 2, '레이선수2', true);
INSERT INTO PLAYER(PLAYER_ID, TEAM_ID, PLAYER_NAME, IS_PITCHER) VALUES (12, 2, '레이선수3', false);
INSERT INTO PLAYER(PLAYER_ID, TEAM_ID, PLAYER_NAME, IS_PITCHER) VALUES (13, 2, '레이선수4', false);
INSERT INTO PLAYER(PLAYER_ID, TEAM_ID, PLAYER_NAME, IS_PITCHER) VALUES (14, 2, '레이선수5', false);
INSERT INTO PLAYER(PLAYER_ID, TEAM_ID, PLAYER_NAME, IS_PITCHER) VALUES (15, 2, '레이선수6', false);
INSERT INTO PLAYER(PLAYER_ID, TEAM_ID, PLAYER_NAME, IS_PITCHER) VALUES (16, 2, '레이선수7', false);
INSERT INTO PLAYER(PLAYER_ID, TEAM_ID, PLAYER_NAME, IS_PITCHER) VALUES (17, 2, '레이선수8', false);
INSERT INTO PLAYER(PLAYER_ID, TEAM_ID, PLAYER_NAME, IS_PITCHER) VALUES (18, 2, '레이선수9', false);

INSERT INTO PLAYER(PLAYER_ID, TEAM_ID, PLAYER_NAME, IS_PITCHER) VALUES (19, 3, '브이선수1', false);
INSERT INTO PLAYER(PLAYER_ID, TEAM_ID, PLAYER_NAME, IS_PITCHER) VALUES (20, 3, '브이선수2', false);
INSERT INTO PLAYER(PLAYER_ID, TEAM_ID, PLAYER_NAME, IS_PITCHER) VALUES (21, 3, '브이선수3', true);
INSERT INTO PLAYER(PLAYER_ID, TEAM_ID, PLAYER_NAME, IS_PITCHER) VALUES (22, 3, '브이선수4', false);
INSERT INTO PLAYER(PLAYER_ID, TEAM_ID, PLAYER_NAME, IS_PITCHER) VALUES (23, 3, '브이선수5', false);
INSERT INTO PLAYER(PLAYER_ID, TEAM_ID, PLAYER_NAME, IS_PITCHER) VALUES (24, 3, '브이선수6', false);
INSERT INTO PLAYER(PLAYER_ID, TEAM_ID, PLAYER_NAME, IS_PITCHER) VALUES (25, 3, '브이선수7', false);
INSERT INTO PLAYER(PLAYER_ID, TEAM_ID, PLAYER_NAME, IS_PITCHER) VALUES (26, 3, '브이선수8', false);
INSERT INTO PLAYER(PLAYER_ID, TEAM_ID, PLAYER_NAME, IS_PITCHER) VALUES (27, 3, '브이선수9', false);

INSERT INTO PLAYER(PLAYER_ID, TEAM_ID, PLAYER_NAME, IS_PITCHER) VALUES (28, 4, '골드선수1', false);
INSERT INTO PLAYER(PLAYER_ID, TEAM_ID, PLAYER_NAME, IS_PITCHER) VALUES (29, 4, '골드선수2', false);
INSERT INTO PLAYER(PLAYER_ID, TEAM_ID, PLAYER_NAME, IS_PITCHER) VALUES (30, 4, '골드선수3', false);
INSERT INTO PLAYER(PLAYER_ID, TEAM_ID, PLAYER_NAME, IS_PITCHER) VALUES (31, 4, '골드선수4', true);
INSERT INTO PLAYER(PLAYER_ID, TEAM_ID, PLAYER_NAME, IS_PITCHER) VALUES (32, 4, '골드선수5', false);
INSERT INTO PLAYER(PLAYER_ID, TEAM_ID, PLAYER_NAME, IS_PITCHER) VALUES (33, 4, '골드선수6', false);
INSERT INTO PLAYER(PLAYER_ID, TEAM_ID, PLAYER_NAME, IS_PITCHER) VALUES (34, 4, '골드선수7', false);
INSERT INTO PLAYER(PLAYER_ID, TEAM_ID, PLAYER_NAME, IS_PITCHER) VALUES (35, 4, '골드선수8', false);
INSERT INTO PLAYER(PLAYER_ID, TEAM_ID, PLAYER_NAME, IS_PITCHER) VALUES (36, 4, '골드선수9', false);

INSERT INTO PLAYER(PLAYER_ID, TEAM_ID, PLAYER_NAME, IS_PITCHER) VALUES (37, 5, '아이작선수1', false);
INSERT INTO PLAYER(PLAYER_ID, TEAM_ID, PLAYER_NAME, IS_PITCHER) VALUES (38, 5, '아이작선수2', false);
INSERT INTO PLAYER(PLAYER_ID, TEAM_ID, PLAYER_NAME, IS_PITCHER) VALUES (39, 5, '아이작선수3', false);
INSERT INTO PLAYER(PLAYER_ID, TEAM_ID, PLAYER_NAME, IS_PITCHER) VALUES (40, 5, '아이작선수4', false);
INSERT INTO PLAYER(PLAYER_ID, TEAM_ID, PLAYER_NAME, IS_PITCHER) VALUES (41, 5, '아이작선수5', true);
INSERT INTO PLAYER(PLAYER_ID, TEAM_ID, PLAYER_NAME, IS_PITCHER) VALUES (42, 5, '아이작선수6', false);
INSERT INTO PLAYER(PLAYER_ID, TEAM_ID, PLAYER_NAME, IS_PITCHER) VALUES (43, 5, '아이작선수7', false);
INSERT INTO PLAYER(PLAYER_ID, TEAM_ID, PLAYER_NAME, IS_PITCHER) VALUES (44, 5, '아이작선수8', false);
INSERT INTO PLAYER(PLAYER_ID, TEAM_ID, PLAYER_NAME, IS_PITCHER) VALUES (45, 5, '아이작선수9', false);

INSERT INTO PLAYER(PLAYER_ID, TEAM_ID, PLAYER_NAME, IS_PITCHER) VALUES (46, 6, '우디선수1', false);
INSERT INTO PLAYER(PLAYER_ID, TEAM_ID, PLAYER_NAME, IS_PITCHER) VALUES (47, 6, '우디선수2', false);
INSERT INTO PLAYER(PLAYER_ID, TEAM_ID, PLAYER_NAME, IS_PITCHER) VALUES (48, 6, '우디선수3', false);
INSERT INTO PLAYER(PLAYER_ID, TEAM_ID, PLAYER_NAME, IS_PITCHER) VALUES (49, 6, '우디선수4', false);
INSERT INTO PLAYER(PLAYER_ID, TEAM_ID, PLAYER_NAME, IS_PITCHER) VALUES (50, 6, '우디선수5', false);
INSERT INTO PLAYER(PLAYER_ID, TEAM_ID, PLAYER_NAME, IS_PITCHER) VALUES (51, 6, '우디선수6', true);
INSERT INTO PLAYER(PLAYER_ID, TEAM_ID, PLAYER_NAME, IS_PITCHER) VALUES (52, 6, '우디선수7', false);
INSERT INTO PLAYER(PLAYER_ID, TEAM_ID, PLAYER_NAME, IS_PITCHER) VALUES (53, 6, '우디선수8', false);
INSERT INTO PLAYER(PLAYER_ID, TEAM_ID, PLAYER_NAME, IS_PITCHER) VALUES (54, 6, '우디선수9', false);

INSERT INTO PLAYER(PLAYER_ID, TEAM_ID, PLAYER_NAME, IS_PITCHER) VALUES (55, 7, '쿠퍼선수1', false);
INSERT INTO PLAYER(PLAYER_ID, TEAM_ID, PLAYER_NAME, IS_PITCHER) VALUES (56, 7, '쿠퍼선수2', false);
INSERT INTO PLAYER(PLAYER_ID, TEAM_ID, PLAYER_NAME, IS_PITCHER) VALUES (57, 7, '쿠퍼선수3', false);
INSERT INTO PLAYER(PLAYER_ID, TEAM_ID, PLAYER_NAME, IS_PITCHER) VALUES (58, 7, '쿠퍼선수4', false);
INSERT INTO PLAYER(PLAYER_ID, TEAM_ID, PLAYER_NAME, IS_PITCHER) VALUES (59, 7, '쿠퍼선수5', false);
INSERT INTO PLAYER(PLAYER_ID, TEAM_ID, PLAYER_NAME, IS_PITCHER) VALUES (60, 7, '쿠퍼선수6', false);
INSERT INTO PLAYER(PLAYER_ID, TEAM_ID, PLAYER_NAME, IS_PITCHER) VALUES (61, 7, '쿠퍼선수7', true);
INSERT INTO PLAYER(PLAYER_ID, TEAM_ID, PLAYER_NAME, IS_PITCHER) VALUES (62, 7, '쿠퍼선수8', false);
INSERT INTO PLAYER(PLAYER_ID, TEAM_ID, PLAYER_NAME, IS_PITCHER) VALUES (63, 7, '쿠퍼선수9', false);

INSERT INTO PLAYER(PLAYER_ID, TEAM_ID, PLAYER_NAME, IS_PITCHER) VALUES (64, 8, '펭돌선수1', false);
INSERT INTO PLAYER(PLAYER_ID, TEAM_ID, PLAYER_NAME, IS_PITCHER) VALUES (65, 8, '펭돌선수2', false);
INSERT INTO PLAYER(PLAYER_ID, TEAM_ID, PLAYER_NAME, IS_PITCHER) VALUES (66, 8, '펭돌선수3', false);
INSERT INTO PLAYER(PLAYER_ID, TEAM_ID, PLAYER_NAME, IS_PITCHER) VALUES (67, 8, '펭돌선수4', false);
INSERT INTO PLAYER(PLAYER_ID, TEAM_ID, PLAYER_NAME, IS_PITCHER) VALUES (68, 8, '펭돌선수5', false);
INSERT INTO PLAYER(PLAYER_ID, TEAM_ID, PLAYER_NAME, IS_PITCHER) VALUES (69, 8, '펭돌선수6', false);
INSERT INTO PLAYER(PLAYER_ID, TEAM_ID, PLAYER_NAME, IS_PITCHER) VALUES (70, 8, '펭돌선수7', false);
INSERT INTO PLAYER(PLAYER_ID, TEAM_ID, PLAYER_NAME, IS_PITCHER) VALUES (71, 8, '펭돌선수8', true);
INSERT INTO PLAYER(PLAYER_ID, TEAM_ID, PLAYER_NAME, IS_PITCHER) VALUES (72, 8, '펭돌선수9', false);

INSERT INTO INNING(INNING_ID, GAME_ID, TEAM_ID, NOW_BATTER_ID, NOW_PITCHER_ID, INNING_NUMBER,
                   SCORE, NOW_BALL_COUNT, NOW_OUT_COUNT, NOW_BASE_STATUS) VALUES (1, 1, 1, 1, 11, 1, 0,'', 0, '');
INSERT INTO INNING(INNING_ID, GAME_ID, TEAM_ID, NOW_BATTER_ID, NOW_PITCHER_ID, INNING_NUMBER,
                   SCORE, NOW_BALL_COUNT, NOW_OUT_COUNT, NOW_BASE_STATUS) VALUES (2, 1, 2, 10, 1, 1, 0,'', 0, '');

INSERT INTO INNING(INNING_ID, GAME_ID, TEAM_ID, NOW_BATTER_ID, NOW_PITCHER_ID, INNING_NUMBER,
                   SCORE, NOW_BALL_COUNT, NOW_OUT_COUNT, NOW_BASE_STATUS) VALUES (3, 1, 1, 1, 11, 2, 0,'', 0, '');
INSERT INTO INNING(INNING_ID, GAME_ID, TEAM_ID, NOW_BATTER_ID, NOW_PITCHER_ID, INNING_NUMBER,
                   SCORE, NOW_BALL_COUNT, NOW_OUT_COUNT, NOW_BASE_STATUS) VALUES (4, 1, 2, 10, 1, 2, 0,'', 0, '');

INSERT INTO INNING(INNING_ID, GAME_ID, TEAM_ID, NOW_BATTER_ID, NOW_PITCHER_ID, INNING_NUMBER,
                   SCORE, NOW_BALL_COUNT, NOW_OUT_COUNT, NOW_BASE_STATUS) VALUES (5, 1, 1, 1, 11, 3, 0,'', 0, '');
INSERT INTO INNING(INNING_ID, GAME_ID, TEAM_ID, NOW_BATTER_ID, NOW_PITCHER_ID, INNING_NUMBER,
                   SCORE, NOW_BALL_COUNT, NOW_OUT_COUNT, NOW_BASE_STATUS) VALUES (6, 1, 2, 10, 1, 3, 0,'', 0, '');

INSERT INTO INNING(INNING_ID, GAME_ID, TEAM_ID, NOW_BATTER_ID, NOW_PITCHER_ID, INNING_NUMBER,
                   SCORE, NOW_BALL_COUNT, NOW_OUT_COUNT, NOW_BASE_STATUS) VALUES (7, 1, 1, 1, 11, 4, 0,'', 0, '');
INSERT INTO INNING(INNING_ID, GAME_ID, TEAM_ID, NOW_BATTER_ID, NOW_PITCHER_ID, INNING_NUMBER,
                   SCORE, NOW_BALL_COUNT, NOW_OUT_COUNT, NOW_BASE_STATUS) VALUES (8, 1, 2, 10, 1, 4, 0,'', 0, '');

INSERT INTO INNING(INNING_ID, GAME_ID, TEAM_ID, NOW_BATTER_ID, NOW_PITCHER_ID, INNING_NUMBER,
                   SCORE, NOW_BALL_COUNT, NOW_OUT_COUNT, NOW_BASE_STATUS) VALUES (9, 1, 1, 1, 11, 5, 0,'', 0, '');
INSERT INTO INNING(INNING_ID, GAME_ID, TEAM_ID, NOW_BATTER_ID, NOW_PITCHER_ID, INNING_NUMBER,
                   SCORE, NOW_BALL_COUNT, NOW_OUT_COUNT, NOW_BASE_STATUS) VALUES (10, 1, 2, 10, 1, 5, 0,'', 0, '');

INSERT INTO INNING(INNING_ID, GAME_ID, TEAM_ID, NOW_BATTER_ID, NOW_PITCHER_ID, INNING_NUMBER,
                   SCORE, NOW_BALL_COUNT, NOW_OUT_COUNT, NOW_BASE_STATUS) VALUES (11, 1, 1, 1, 11, 6, 0,'', 0, '');
INSERT INTO INNING(INNING_ID, GAME_ID, TEAM_ID, NOW_BATTER_ID, NOW_PITCHER_ID, INNING_NUMBER,
                   SCORE, NOW_BALL_COUNT, NOW_OUT_COUNT, NOW_BASE_STATUS) VALUES (12, 1, 2, 10, 1, 6, 0,'', 0, '');

INSERT INTO INNING(INNING_ID, GAME_ID, TEAM_ID, NOW_BATTER_ID, NOW_PITCHER_ID, INNING_NUMBER,
                   SCORE, NOW_BALL_COUNT, NOW_OUT_COUNT, NOW_BASE_STATUS) VALUES (13, 1, 1, 1, 11, 7, 0,'', 0, '');
INSERT INTO INNING(INNING_ID, GAME_ID, TEAM_ID, NOW_BATTER_ID, NOW_PITCHER_ID, INNING_NUMBER,
                   SCORE, NOW_BALL_COUNT, NOW_OUT_COUNT, NOW_BASE_STATUS) VALUES (14, 1, 2, 10, 1, 7, 0,'', 0, '');

INSERT INTO INNING(INNING_ID, GAME_ID, TEAM_ID, NOW_BATTER_ID, NOW_PITCHER_ID, INNING_NUMBER,
                   SCORE, NOW_BALL_COUNT, NOW_OUT_COUNT, NOW_BASE_STATUS) VALUES (15, 1, 1, 1, 11, 8, 0,'', 0, '');
INSERT INTO INNING(INNING_ID, GAME_ID, TEAM_ID, NOW_BATTER_ID, NOW_PITCHER_ID, INNING_NUMBER,
                   SCORE, NOW_BALL_COUNT, NOW_OUT_COUNT, NOW_BASE_STATUS) VALUES (16, 1, 2, 10, 1, 8, 0,'', 0, '');

INSERT INTO INNING(INNING_ID, GAME_ID, TEAM_ID, NOW_BATTER_ID, NOW_PITCHER_ID, INNING_NUMBER,
                   SCORE, NOW_BALL_COUNT, NOW_OUT_COUNT, NOW_BASE_STATUS) VALUES (17, 1, 1, 1, 11, 9, 0,'', 0, '');
INSERT INTO INNING(INNING_ID, GAME_ID, TEAM_ID, NOW_BATTER_ID, NOW_PITCHER_ID, INNING_NUMBER,
                   SCORE, NOW_BALL_COUNT, NOW_OUT_COUNT, NOW_BASE_STATUS) VALUES (18, 1, 2, 10, 1, 9, 0,'', 0, '');
